{"shakespeare_char": {"means": {"final_train_loss_mean": 0.8141325414180756, "best_val_loss_mean": 1.4749533534049988, "total_train_time_mean": 266.7413594722748, "avg_inference_tokens_per_second_mean": 380.54839904651044}, "stderrs": {"final_train_loss_stderr": 0.007434651255607605, "best_val_loss_stderr": 0.0019356906414031982, "total_train_time_stderr": 11.395990252494812, "avg_inference_tokens_per_second_stderr": 0.9997486871697419}, "final_info_dict": {"final_train_loss": [0.8290018439292908, 0.7992632389068604], "best_val_loss": [1.4710819721221924, 1.4788247346878052], "total_train_time": [289.5333399772644, 243.94937896728516], "avg_inference_tokens_per_second": [378.548901672171, 382.54789642084995]}}}