{"final_train_loss": 0.7992632389068604, "best_val_loss": 1.4788247346878052, "total_train_time": 243.94937896728516, "avg_inference_tokens_per_second": 382.54789642084995}