{"final_train_loss": 0.8290018439292908, "best_val_loss": 1.4710819721221924, "total_train_time": 289.5333399772644, "avg_inference_tokens_per_second": 378.548901672171}