{"final_train_loss": 1.1133537292480469, "best_val_loss": 2.068533420562744, "total_train_time": 242.67298316955566, "avg_inference_tokens_per_second": 381.71538537862114}