{"shakespeare_char": {"means": {"final_train_loss_mean": 1.1371352672576904, "best_val_loss_mean": 2.0646629333496094, "total_train_time_mean": 259.52552831172943, "avg_inference_tokens_per_second_mean": 367.76895043749096}, "stderrs": {"final_train_loss_stderr": 0.011890769004821777, "best_val_loss_stderr": 0.0019352436065673828, "total_train_time_stderr": 8.426272571086884, "avg_inference_tokens_per_second_stderr": 6.973217470565089}, "final_info_dict": {"final_train_loss": [1.160916805267334, 1.1133537292480469], "best_val_loss": [2.0607924461364746, 2.068533420562744], "total_train_time": [276.3780734539032, 242.67298316955566], "avg_inference_tokens_per_second": [353.8225154963608, 381.71538537862114]}}}