{"final_train_loss": 1.160916805267334, "best_val_loss": 2.0607924461364746, "total_train_time": 276.3780734539032, "avg_inference_tokens_per_second": 353.8225154963608}