{"final_train_loss": 0.9072970747947693, "best_val_loss": 1.6168029308319092, "total_train_time": 277.9531800746918, "avg_inference_tokens_per_second": 363.5221349443369}