{"final_train_loss": 0.8753843903541565, "best_val_loss": 1.6095340251922607, "total_train_time": 243.80716133117676, "avg_inference_tokens_per_second": 362.8079531001033}