{"shakespeare_char": {"means": {"final_train_loss_mean": 0.8913407325744629, "best_val_loss_mean": 1.613168478012085, "total_train_time_mean": 260.88017070293427, "avg_inference_tokens_per_second_mean": 363.1650440222201}, "stderrs": {"final_train_loss_stderr": 0.007978171110153198, "best_val_loss_stderr": 0.0018172264099121094, "total_train_time_stderr": 8.536504685878754, "avg_inference_tokens_per_second_stderr": 0.1785454610584054}, "final_info_dict": {"final_train_loss": [0.9072970747947693, 0.8753843903541565], "best_val_loss": [1.6168029308319092, 1.6095340251922607], "total_train_time": [277.9531800746918, 243.80716133117676], "avg_inference_tokens_per_second": [363.5221349443369, 362.8079531001033]}}}