{"final_train_loss": 1.4974373579025269, "best_val_loss": 2.43880033493042, "total_train_time": 260.70628213882446, "avg_inference_tokens_per_second": 377.64762909328164}