{"shakespeare_char": {"means": {"final_train_loss_mean": 1.4694476127624512, "best_val_loss_mean": 2.444427967071533, "total_train_time_mean": 252.6227638721466, "avg_inference_tokens_per_second_mean": 385.0754885005092}, "stderrs": {"final_train_loss_stderr": 0.013994872570037842, "best_val_loss_stderr": 0.0028138160705566406, "total_train_time_stderr": 4.041759133338928, "avg_inference_tokens_per_second_stderr": 3.713929703613786}, "final_info_dict": {"final_train_loss": [1.4974373579025269, 1.4414578676223755], "best_val_loss": [2.43880033493042, 2.4500555992126465], "total_train_time": [260.70628213882446, 244.53924560546875], "avg_inference_tokens_per_second": [377.64762909328164, 392.5033479077368]}}}