{"final_train_loss": 1.4414578676223755, "best_val_loss": 2.4500555992126465, "total_train_time": 244.53924560546875, "avg_inference_tokens_per_second": 392.5033479077368}