{"shakespeare_char": {"means": {"final_train_loss_mean": 1.4677768349647522, "best_val_loss_mean": 2.4450666904449463, "total_train_time_mean": 258.9949514865875, "avg_inference_tokens_per_second_mean": 376.68115633419234}, "stderrs": {"final_train_loss_stderr": 0.010296851396560669, "best_val_loss_stderr": 0.0005260705947875977, "total_train_time_stderr": 7.370423316955566, "avg_inference_tokens_per_second_stderr": 1.3064840129509747}, "final_info_dict": {"final_train_loss": [1.4883705377578735, 1.4471831321716309], "best_val_loss": [2.444014549255371, 2.4461188316345215], "total_train_time": [273.73579812049866, 244.2541048526764], "avg_inference_tokens_per_second": [379.2941243600943, 374.0681883082904]}}}