{"final_train_loss": 1.4883705377578735, "best_val_loss": 2.444014549255371, "total_train_time": 273.73579812049866, "avg_inference_tokens_per_second": 379.2941243600943}