{"final_train_loss": 1.4471831321716309, "best_val_loss": 2.4461188316345215, "total_train_time": 244.2541048526764, "avg_inference_tokens_per_second": 374.0681883082904}