{"shakespeare_char": {"means": {"final_train_loss_mean": 0.8147642910480499, "best_val_loss_mean": 1.491085708141327, "total_train_time_mean": 255.58203315734863, "avg_inference_tokens_per_second_mean": 381.53652212427636}, "stderrs": {"final_train_loss_stderr": 0.005709126591682434, "best_val_loss_stderr": 0.0014826953411102295, "total_train_time_stderr": 7.0282779932022095, "avg_inference_tokens_per_second_stderr": 3.1646996585484715}, "final_info_dict": {"final_train_loss": [0.8261825442314148, 0.8033460378646851], "best_val_loss": [1.4940510988235474, 1.4881203174591064], "total_train_time": [269.63858914375305, 241.5254771709442], "avg_inference_tokens_per_second": [375.2071228071794, 387.8659214413733]}}}