{"final_train_loss": 0.8261825442314148, "best_val_loss": 1.4940510988235474, "total_train_time": 269.63858914375305, "avg_inference_tokens_per_second": 375.2071228071794}