{"final_train_loss": 0.8033460378646851, "best_val_loss": 1.4881203174591064, "total_train_time": 241.5254771709442, "avg_inference_tokens_per_second": 387.8659214413733}